2012,2011,Company,Country,Sector,value,turnover,netincome,totalasset,employees,price,P/E,dividend,Year End
1,3,Apple,US,Technology hardware & equipment,"559,002.10","108,598.00","25,922.00","116,371.00","63,300",599.5,21.7,,24/09/2011
2,1,Exxon Mobil,US,Oil & gas producers,"408,777.40","433,526.00","41,060.00","326,834.00","82,100",86.7,10.3,2.1,31/12/2011
3,2,PetroChina,China,Oil & gas producers,"278,968.40","318,370.60","21,124.80","304,585.80","552,810",1.4,12.2,3.5,31/12/2011
4,10,Microsoft,US,Software & computer services,"270,644.10","69,950.00","23,150.00","108,704.00","90,000",32.3,12,2,30/06/2011
5,14,IBM,US,Software & computer services,"241,754.60","106,916.00","15,855.00","112,930.00","433,362",208.7,16,1.4,31/12/2011
6,4,Industrial & Commercial Bank of China,China,Banks,"236,335.40",N/R,"33,089.10","2,455,479.30","408,859",0.6,6.8,4.7,31/12/2011
7,8,Royal Dutch Shell,UK,Oil & gas producers,"222,425.10","453,723.80","29,836.50","340,526.10","90,000",34.9,7.3,4.5,31/12/2011
8,16,China Mobile,Hong Kong,Mobile telecommunications,"220,978.90","82,032.70","19,555.80","149,608.60","175,336",11,11.3,3.9,31/12/2011
9,11,General Electric,US,General industrials,"212,317.70","142,237.00","14,130.00","717,242.00","301,000",20.1,16.3,3,31/12/2011
10,9,Chevron,US,Oil & gas producers,"211,950.60","236,541.00","26,895.00","208,250.00","61,000",107.2,8,2.9,31/12/2011
11,19,Wal-Mart Stores,US,General retailers,"208,357.70","446,950.00","15,699.00","192,668.00","2,200,000",61.2,13.5,2.4,31/01/2012
12,13,Nestle,Switzerland,Food producers,"207,376.00","89,170.70","10,114.10","118,992.80","328,000",62.8,19.8,3.3,31/12/2011
13,12,Berkshire Hathaway,US,Nonlife insurance,"201,134.60",N/R,"10,254.00","392,647.00","271,000","121,900.00",19.6,,31/12/2011
14,7,China Construction Bank,China,Banks,"193,150.70",N/R,"26,891.70","1,947,936.20","329,438",0.8,7.2,5.2,31/12/2011
15,20,AT&T,US,Fixed line telecommunications,"185,154.80","126,723.00","3,944.00","270,344.00","256,000",31.2,47.3,5.5,31/12/2011
16,21,Procter & Gamble,US,Household goods & home construction,"185,123.10","82,559.00","11,797.00","138,354.00","129,000",67.2,17.1,2.9,30/06/2011
17,36,Samsung Electronics,South Korea,Technology hardware & equipment,"181,774.00","142,396.50","11,529.00","132,916.80","101,970",1125.3,14.6,0.4,31/12/2011
18,25,Johnson & Johnson,US,Pharmaceuticals & biotechnology,"181,390.00","65,039.00","9,672.00","107,104.00","117,900",66,18.9,3.4,01/01/2012
19,24,Wells Fargo,US,Banks,"180,178.40",N/R,"15,869.00","1,313,867.00","264,200",34.1,12.1,1.2,31/12/2011
20,6,BHP Billiton,Australia/UK,Mining,"179,522.50","77,667.20","25,602.20","99,065.40","40,757",35.9,7.7,2.9,30/06/2011
21,17,JP Morgan Chase,US,Banks,"175,522.10",N/R,"18,197.00","2,265,792.00","260,157",46,10.3,2.2,31/12/2011
22,5,Petrobras,Brazil,Oil & gas producers,"170,836.20","131,066.40","17,881.50","317,289.00","81,918",13.3,9.7,2.9,31/12/2011
23,26,Pfizer,US,Pharmaceuticals & biotechnology,"170,684.90","67,425.00","10,009.00","186,802.00","103,700",22.6,20.4,3.6,31/12/2011
24,27,Coca-Cola,US,Beverages,"167,601.10","46,766.00","8,572.00","79,731.00","146,200",74,20.1,2.5,31/12/2011
25,28,Google,US,Software & computer services,"165,414.50","37,862.00","9,737.00","72,574.00","32,467",641.2,21.5,,31/12/2011
26,18,HSBC,UK,Banks,"160,670.00",N/R,"16,209.40","2,547,861.20","288,316",8.9,10,4.9,31/12/2011
27,43,Philip Morris International,US,Tobacco,"152,575.10","31,114.00","8,542.00","35,488.00","78,100",88.6,18.3,3.2,31/12/2011
28,32,Novartis,Switzerland,Pharmaceuticals & biotechnology,"151,760.60","54,975.10","8,537.20","111,639.20","123,686",55.3,15.4,4.4,31/12/2011
29,40,Roche,Switzerland,Pharmaceuticals & biotechnology,"151,496.60","45,342.30","9,960.60","62,701.60","80,129",173.8,14.8,4.2,31/12/2011
30,35,Toyota Motor,Japan,Automobiles & parts,"149,575.70","228,494.10","4,910.40","357,282.80","317,716",43.4,27.6,1.4,31/03/2011
31,15,Gazprom,Russia,Oil & gas producers,"145,761.10","143,981.60","40,582.90","338,466.60","401,000",6.2,3.5,4.5,31/12/2011
32,22,Oracle,US,Software & computer services,"145,074.00","35,622.00","8,547.00","72,459.00","108,000",29.2,17.5,0.7,31/05/2011
33,47,Intel,US,Technology hardware & equipment,"140,462.40","53,999.00","12,942.00","70,784.00","100,100",28.1,11.8,2.8,31/12/2011
34,37,BP,UK,Oil & gas producers,"140,270.6","362,380.9","24,801.0","292,457.9","83,400",7.4,5.6,3.8,31/12/2011
35,34,Agricultural Bank of China,China,Banks,"138,313.5",N/R,"19,371.8","1,848,072.9","447,401",0.4,7.1,4.7,31/12/2011
36,30,Vodafone Group,UK,Mobile telecommunications,"136,591.9","73,531.9","12,769.2","239,105.2","83,862",2.8,11.5,5.1,31/03/2011
37,29,Bank of China,China,Banks,"126,227.2",N/R,"19,730.0","1,876,460.2","289,951",0.4,5.8,5,31/12/2011
38,23,Vale,Brazil,Mining,"124,504.2","55,392.0","20,297.4","127,799.6","79,646",23.5,6.1,7.5,31/12/2011
39,33,Total,France,Oil & gas producers,"120,367.8","215,738.9","15,901.6","210,210.4","96,104",50.9,7.2,5.8,31/12/2011
40,61,Anheuser-Busch InBev,Belgium,Beverages,"117,160.8","36,187.4","5,426.4","111,754.3","116,278",72.9,21.4,2.1,31/12/2011
41,79,Ambev,Brazil,Beverages,"117,054.9","14,560.8","4,638.2","24,301.3","46,500",41.4,27.8,4.1,31/12/2011
42,51,Merck,US,Pharmaceuticals & biotechnology,"116,889.9","48,132.0","6,257.0","104,631.0","86,000",38.4,19,4.1,31/12/2011
43,62,Qualcomm,US,Technology hardware & equipment,"115,117.9","14,957.0","4,260.0","34,719.0","21,200",68.1,27,1.2,25/09/2011
44,57,Cisco Systems,US,Technology hardware & equipment,"113,912.5","43,218.0","6,490.0","85,231.0","71,825",21.2,18.1,0.6,30/07/2011
45,53,GlaxoSmithKline,UK,Pharmaceuticals & biotechnology,"112,519.1","42,526.5","8,169.3","59,365.1","97,389",22.3,13.7,4.9,31/12/2011
46,48,Verizon Communications,US,Fixed line telecommunications,"108,401.9","110,875.0","2,404.0","230,461.0","193,900",38.2,45,5.2,31/12/2011
47,31,Rio Tinto,Australia/UK,Mining,"107,200.8","58,751.2","5,654.1","118,647.9","67,930",55.1,18.7,2.6,31/12/2011
48,39,Citigroup,US,Banks,"107,117.4",N/R,"10,881.0","1,818,846.0","266,000",36.6,10.2,0.1,31/12/2011
49,50,PepsiCo,US,Beverages,"105,329.6","66,504.0","6,443.0","72,882.0","297,000",66.4,16.5,3,31/12/2011
50,59,Sanofi,France,Pharmaceuticals & biotechnology,"103,977.0","43,250.1","7,374.4","125,041.8","113,719",77.5,13.9,4.4,31/12/2011
51,38,Bank of America,US,Banks,"102,708.9",N/R,"1,445.0","2,097,047.0","282,000",9.6,,0.4,31/12/2011
52,81,McDonald's,US,Travel & leisure,"99,920.3","27,006.0","5,503.1","32,383.6","420,000",98.1,18.6,2.6,31/12/2011
53,78,British American Tobacco,UK,Tobacco,"98,888.7","23,911.6","4,805.9","41,577.8","87,813",50.3,20.6,3.9,31/12/2011
54,49,Sinopec,China,Oil & gas producers,"98,109.8","391,443.3","11,634.0","179,823.9","377,235",1.1,8.4,4.6,31/12/2011
55,45,ConocoPhillips,US,Oil & gas producers,"96,769.4","230,557.0","12,436.0","153,047.0","29,800",76,8.5,3.5,31/12/2011
56,88,Abbott Laboratories,US,Pharmaceuticals & biotechnology,"96,369.7","38,851.0","4,728.5","58,314.0","91,000",61.3,20.4,3.1,31/12/2011
57,68,Unilever,Netherlands/UK,Food producers,"94,797.5","60,190.6","5,514.3","61,333.1","169,000",34,17.3,3.4,31/12/2011
58,54,Eni,Italy,Oil & gas producers,"93,819.8","141,382.5","8,886.0","178,019.9","78,686",23.4,9.6,5.8,31/12/2011
59,41,Schlumberger,US,Oil equipment & services,"93,331.7","39,540.0","4,997.0","55,201.0","113,000",69.9,19.9,1.4,31/12/2011
60,77,Amazon.com,US,General retailers,"92,155.8","48,077.0",631,"25,250.0","56,200",202.5,,,31/12/2011
61,42,Siemens,Germany,General industrials,"92,022.7","98,413.8","8,226.3","135,257.2","402,000",100.7,10.7,4,30/09/2011
62,46,CNOOC,Hong Kong,Oil & gas producers,"91,776.6","29,407.4","10,915.2","61,051.9","5,377",2.1,8.4,3.4,31/12/2011
63,71,Saudi Basic Industries,Saudi Arabia,Chemicals,"87,789.9","50,640.2","7,797.9","88,260.8",,29.3,11.3,4.5,31/12/2011
64,84,LVMH,France,Personal goods,"87,107.2","30,646.5","3,970.2","60,042.9","97,559",171.6,21.1,2,31/12/2011
65,65,Statoil,Norway,Oil & gas producers,"86,423.1","107,744.0","13,148.8","127,320.9","31,715",27.1,6.5,4,31/12/2011
66,91,SAP,Germany,Software & computer services,"85,605.0","18,436.6","4,453.4","29,481.9","55,765",69.7,18.6,1.4,31/12/2011
67,66,Royal Bank Canada,Canada,Banks,"83,413.2",N/R,"4,852.0","750,478.0","68,480",57.8,17.9,3.6,31/10/2011
68,72,Commonwealth Bank of Australia,Australia,Banks,"82,070.4",N/R,"6,853.2","714,467.5","46,060",51.9,11.8,6.6,30/06/2011
69,52,Itau Unibanco,Brazil,Banks,"81,709.1",N/R,"7,427.3","426,942.0","104,542",19.2,11.7,2.8,31/12/2011
70,63,China Shenhua Energy,China,Mining,"81,394.3","33,078.3","7,257.2","63,574.9","82,260",4.2,11.7,3.3,31/12/2011
71,101,Comcast,US,Media,"81,264.5","55,842.0","4,160.0","157,818.0","126,000",30,20,1.5,31/12/2011
72,80,Basf,Germany,Chemicals,"80,222.2","95,203.6","8,015.6","78,531.3","108,576",87.3,10,3.7,31/12/2011
73,70,BG Group,UK,Oil & gas producers,"78,569.3","20,350.9","4,088.9","60,742.2","6,600",23.1,19.1,1,31/12/2011
74,75,Walt Disney,US,Media,"78,469.5","40,893.0","4,807.0","72,124.0","156,000",43.8,17.4,0.9,10/01/2011
75,92,Volkswagen,Germany,Automobiles & parts,"77,381.4","206,395.6","19,959.9","320,328.5","501,956",161,3.7,2.4,31/12/2011
76,69,Occidental Petroleum,US,Oil & gas producers,"77,225.9","24,092.0","6,760.0","60,044.0","11,300",95.2,11.7,1.9,31/12/2011
77,83,Toronto-Dominion Bank,Canada,Banks,"76,723.4",N/R,"5,889.0","686,360.0","75,631",84.7,13.1,3.1,31/10/2011
78,119,Home Depot,US,General retailers,"76,717.1","70,395.0","3,883.0","40,493.0","331,000",50.3,20.4,2.1,29/01/2012
79,56,Rosneft,Russia,Oil & gas producers,"75,652.6","59,166.8","11,318.3","105,750.0",,7.1,6.1,1.3,31/12/2011
80,82,United Technologies,US,Aerospace & defence,"75,488.8","58,094.0","4,979.0","59,065.0","199,900",82.9,15.1,2.2,31/12/2011
81,44,Telefonica,Spain,Fixed line telecommunications,"74,663.5","81,395.3","6,998.7","159,593.7","291,027",16.4,10.5,10.3,31/12/2011
82,114,Taiwan Semiconductor Manufacturing,Taiwan,Technology hardware & equipment,"74,554.7","14,102.2","4,431.3","25,320.7","35,457",2.9,16.9,3.5,31/12/2011
83,96,L'Oreal,France,Personal goods,"74,020.5","26,351.2","3,158.6","33,920.0","68,886",123.2,23.1,2.1,31/12/2011
84,58,China Life Insurance,China,Life insurance,"73,371.2",N/R,"2,912.4","251,651.1","100,319",2.6,26,1.5,31/12/2011
85,85,NTT DoCoMo,Japan,Mobile telecommunications,"72,878.1","50,818.0","5,900.5","77,713.3","22,954","1,669.6",11.7,3.8,31/03/2011
86,73,Sberbank of Russia,Russia,Banks,"72,185.5",N/R,"9,817.9","336,186.9","266,187",3.2,7.2,1.9,31/12/2011
87,105,Mitsubishi UFJ Financial,Japan,Banks,"70,862.9",N/R,"7,014.4","2,471,524.7","85,123",5,10.4,2.8,31/03/2011
88,55,Banco Santander,Spain,Banks,"69,742.8",N/R,"6,931.4","1,598,145.2","193,349",7.7,10.5,9.2,31/12/2011
89,89,Westpac Banking,Australia,Banks,"69,258.8",N/R,"6,754.6","644,999.6","37,806",22.7,10,6.7,30/09/2011
90,99,Honda Motor,Japan,Automobiles & parts,"69,225.8","107,510.5","6,425.1","137,268.3","179,060",38.2,10.7,1.7,31/03/2011
91,94,Caterpillar,US,Industrial engineering,"68,975.2","60,138.0","4,928.0","79,289.0","125,099",106.5,14.4,1.7,31/12/2011
92,137,American Express,US,Financial services,"67,492.3",N/R,"4,877.0","150,462.0","62,500",57.9,14,1.2,31/12/2011
93,130,Kraft Foods,US,Food producers,"67,356.0","54,365.0","3,527.0","93,837.0","126,000",38,19.1,3.1,31/12/2011
94,76,AMX,Mexico,Mobile telecommunications,"66,045.1","47,665.1","5,920.7","67,899.9","150,618",1.2,17.7,,31/12/2011
95,115,Novo Nordisk,Denmark,Pharmaceuticals & biotechnology,"65,338.4","11,550.2","2,976.4","10,843.0","32,136",138.3,26.2,1.8,31/12/2011
96,109,ANZ Banking,Australia,Banks,"64,566.2",N/R,"5,173.9","573,803.7","48,938",24.1,11.9,5.6,30/09/2011
97,90,Daimler,Germany,Automobiles & parts,"64,197.2","138,005.5","7,340.7","188,290.6","271,370",60.2,8.7,4.8,31/12/2011
98,126,SabMiller,UK,Beverages,"63,841.2","15,533.3","2,469.7","38,674.4","69,212",40.1,25.5,2,31/03/2011
99,104,Bank of Nova Scotia,Canada,Banks,"63,546.0",N/R,"5,175.0","573,760.0","75,362",55.9,12,2.8,31/10/2011
100,122,Canon,Japan,Technology hardware & equipment,"63,369.7","46,211.1","3,229.7","49,363.9","198,307",47.5,17.9,3.3,31/12/2011
101,136,Altria Group,US,Tobacco,"63,149.7","17,109.0","3,377.0","36,962.0","9,900",30.9,18.8,5.1,31/12/2011
102,93,Bradesco,Brazil,Banks,"62,068.7",N/R,"5,919.6","397,554.7","104,684",17.5,11.3,1.3,31/12/2011
103,234,Visa,US,Financial services,"61,985.7",N/R,"3,650.0","34,760.0","7,500",118,22.9,0.5,30/09/2011
104,103,3M,US,General industrials,"61,977.5","29,611.0","4,283.0","30,598.0","84,198",89.2,15,2.5,31/12/2011
105,131,EMC,US,Technology hardware & equipment,"61,902.0","20,007.6","2,461.3","34,268.2","53,600",29.9,27.2,,31/12/2011
106,157,UnitedHealth Group,US,Health care equipment & services,"61,590.2","101,874.0","5,142.0","67,889.0","99,000",58.9,12.5,1,31/12/2011
107,74,Goldman Sachs,US,Financial services,"61,551.2",N/R,"4,442.0","918,208.0","34,700",124.4,27.6,1.1,31/12/2011
108,147,US Bancorp,US,Banks,"60,399.0",N/R,"4,850.0","340,122.0","62,529",31.7,12.9,1.6,31/12/2011
109,106,Nippon Telegraph & Telephone,Japan,Fixed line telecommunications,"60,375.5","123,969.2","6,130.8","225,907.1","219,343",45.6,9.8,3.2,31/03/2011
110,167,Diageo,UK,Beverages,"60,153.4","15,948.7","3,049.8","30,916.6","23,786",24,19.7,2.7,30/06/2011
111,140,Walmex,Mexico,General retailers,"59,646.0","27,160.7","1,594.7","16,125.4","238,128",3.4,37.3,1.2,31/12/2011
112,153,Inditex,Spain,General retailers,"59,614.5","17,136.3","2,369.1","13,032.5","100,138",95.6,25.1,2.3,31/01/2011
113,117,Standard Chartered,UK,Banks,"59,424.6",N/R,"4,679.4","598,236.9","86,865",24.9,12.8,3,31/12/2011
114,172,CVS Caremark,US,Food & drug retailers,"58,534.8","107,100.0","3,461.0","64,543.0","202,000",44.8,17.4,1.5,31/12/2011
115,113,American International Group,US,Nonlife insurance,"58,480.3",N/R,"16,986.0","539,689.0","57,000",30.8,3.3,,31/12/2011
116,133,United Parcel Service,US,Industrial transportation,"58,430.3","53,206.0","3,804.0","34,583.0","398,000",80.7,21,2.6,31/12/2011
117,60,GDF Suez,France,"Gas, water & multiutilities","58,104.4","117,452.4","5,185.3","274,652.2","240,303",25.8,11,7.6,31/12/2011
118,108,Bayer,Germany,Chemicals,"58,077.3","47,316.2","3,199.5","66,650.4","111,800",70.2,18.1,3,31/12/2011
119,141,BMW,Germany,Automobiles & parts,"57,218.8","89,146.6","6,322.6","157,387.7","100,306",89.8,9.3,3.3,31/12/2011
120,67,BNP Paribas,France,Banks,"57,214.7",N/R,"7,471.5","2,533,607.3","198,423",47.4,7.6,3.3,31/12/2011
121,123,National Australia Bank,Australia,Banks,"57,064.8",N/R,"5,042.5","726,097.8","44,645",25.5,11.2,6.6,30/09/2011
122,177,Bristol Myers Squibb,US,Pharmaceuticals & biotechnology,"56,953.8","21,244.0","3,701.0","32,282.0","27,000",33.8,15.6,3.9,31/12/2011
123,238,Japan Tobacco,Japan,Tobacco,"56,625.5","29,908.4","1,743.9","41,979.9","48,472","5,662.6",31,1.2,31/03/2011
124,111,AstraZeneca,UK,Pharmaceuticals & biotechnology,"56,544.9","32,415.9","9,633.8","51,316.2","57,200",44.4,6.3,6.1,31/12/2011
125,135,Boeing,US,Aerospace & defence,"55,459.2","68,735.0","4,018.0","74,094.0","171,700",74.4,14,2.3,31/12/2011
126,110,Allianz,Germany,Nonlife insurance,"54,245.4",N/R,"3,296.6","811,241.7","141,938",119.1,16.3,4.9,31/12/2011
127,156,Amgen,US,Pharmaceuticals & biotechnology,"53,793.6","15,582.0","3,683.0","48,871.0","17,800",68,16.8,1.4,31/12/2011
128,98,UBS,Switzerland,Banks,"53,632.2",N/R,"4,433.9","1,503,879.0","64,820",14,11.9,0.8,31/12/2011
129,163,Hennes & Mauritz,Sweden,General retailers,"52,700.5","16,257.9","2,338.3","8,713.4","64,874",36.1,25.4,3.9,30/11/2011
130,102,Deutsche Telekom,Germany,Mobile telecommunications,"51,945.5","75,975.6",721.5,"152,970.6","235,132",12,70.7,7.6,31/12/2011
131,107,Ping An Insurance,China,Life insurance,"51,462.7",N/R,"3,094.2","359,728.0","175,136",7.6,18.9,0.8,31/12/2011
132,118,Lukoil,Russia,Oil & gas producers,"51,457.5","101,287.9","9,414.1","90,601.0","1,962",60.5,5,,31/12/2011
133,165,Union Pacific,US,Industrial transportation,"51,455.7","19,557.0","3,292.0","45,096.0","44,861",107.5,16,1.8,31/12/2011
134,178,Tencent Holdings,Hong Kong,Software & computer services,"51,338.0","4,527.5","1,621.1","8,993.6","17,446",27.9,31.3,0.4,31/12/2011
135,97,Xstrata,UK,Mining,"51,237.8","32,691.9","5,513.2","74,788.2","40,391",17.1,9.1,2.1,31/12/2011
136,287,Mastercard,US,Financial services,"51,026.5",N/R,"1,906.0","10,605.0","6,700",420.5,28.3,0.1,31/12/2011
137,95,Suncor Energy,Canada,Oil & gas producers,"50,844.4","38,565.6","4,219.6","73,251.8","13,026",32.6,12.1,1.3,31/12/2011
138,309,Nike,US,Personal goods,"49,764.6","20,892.0","2,133.0","14,438.0","38,000",108.4,24.7,1.1,31/05/2011
139,100,Anglo American,UK,Mining,"49,569.0","29,510.3","5,953.2","71,912.2","100,000",37.3,7.6,1.9,31/12/2011
140,146,E I Du Pont de Nemours,US,Chemicals,"49,463.8","37,976.0","3,474.0","44,425.0","70,000",52.9,14.4,3.1,31/12/2011
141,171,News Corp,US,Media,"48,971.4","33,405.0","2,739.0","61,830.0","51,000",19.7,17.3,0.9,30/06/2011
142,202,Nissan Motor,Japan,Automobiles & parts,"48,396.0","105,540.3","3,840.2","128,323.8","155,099",10.7,11.6,1.1,31/03/2011
143,86,Reliance Industries,India,Oil & gas producers,"48,199.9","59,503.6","4,331.4","69,038.0","22,661",14.7,10.2,1.2,31/03/2011
144,116,E On,Germany,"Gas, water & multiutilities","47,856.6","146,313.8","-2,874.4","191,347.6","78,889",23.9,,5.4,31/12/2011
145,201,eBay,US,General retailers,"47,604.8","11,677.5","3,229.4","27,320.2","27,770",36.9,15,,31/12/2011
146,127,ABB,Switzerland,Industrial engineering,"47,428.6","35,599.9","2,967.8","39,615.1","133,600",20.5,15.8,3.4,31/12/2011
147,173,Honeywell International,US,General industrials,"47,391.7","36,500.0","2,067.0","37,676.0","132,000",61.1,25.5,2.2,31/12/2011
148,64,Hewlett-Packard,US,Technology hardware & equipment,"47,120.0","127,245.0","7,074.0","128,234.0","349,600",23.8,7.2,1.7,31/10/2011
149,181,Sumitomo Mitsui Financial,Japan,Banks,"46,788.6",N/R,"5,725.0","1,650,015.1","27,523",33.1,8.2,3.7,31/03/2011
150,197,Eli Lilly,US,Pharmaceuticals & biotechnology,"46,723.8","24,286.5","4,347.7","33,659.8","38,080",40.3,10.3,4.9,31/12/2011
151,125,Ford Motor,US,Automobiles & parts,"46,719.4",136264,20213,"165,014.0","164,000",12.5,2.5,0.4,31/12/2011
152,205,Colgate-Palmolive,US,Personal goods,"46,714.6","16,734.0","2,431.0","12,609.0","38,600",97.8,19.8,2.3,31/12/2011
153,129,Bank of Communications,China,Banks,"46,520.6",N/R,"8,060.8","731,364.5","90,149",0.8,5.8,2.6,31/12/2011
154,132,Deutsche Bank,Germany,Banks,"46,174.7",N/R,"5,352.3","2,791,931.8","100,996",49.7,8.6,2,31/12/2011
155,138,Barclays,UK,Banks,"45,969.9",N/R,"4,669.3","2,423,170.8","141,100",3.8,9.6,2.4,31/12/2011
156,196,Hyundai Motor,South Korea,Automobiles & parts,"45,297.5","67,139.6","6,607.0","94,085.7","57,105",205.6,8.4,0.7,31/12/2011
157,128,Oil & Natural Gas,India,Oil & gas producers,"45,065.5","26,317.5","5,041.4","51,049.1","33,273",5.3,8.9,0.4,31/03/2011
158,144,Tata Consultancy Services,India,Software & computer services,"44,903.3","8,379.4","2,035.8","7,316.8","198,614",22.9,22.1,1.4,31/03/2011
159,186,Danone,France,Food producers,"44,729.3","25,023.4","2,164.5","35,926.3","101,885",69.6,19.3,2.6,31/12/2011
160,229,AIA Group,Hong Kong,Life insurance,"44,133.3",N/R,"1,602.5","113,599.0","20,000",3.7,28.2,1.1,30/11/2011
161,145,Barrick Gold,Canada,Mining,"43,392.9","13,834.1","4,334.3","48,474.9","18,400",43.4,10,1.1,31/12/2011
162,,Glencore International,UK,Mining,"43,070.6","179,640.2","3,906.4","86,165.0","61,000",6.2,9,2.1,31/12/2011
163,169,Teva Pharmaceutical,Israel,Pharmaceuticals & biotechnology,"42,899.7","17,164.6","2,586.1","50,080.1","45,754",45.5,15.7,2,31/12/2011
164,283,Simon Property Group,US,Real estate investment trusts,"42,815.0",N/R,"1,024.8","26,211.3","5,500",145.7,41.9,2.3,31/12/2011
165,235,Fanuc,Japan,Industrial engineering,"42,724.1","5,367.8","1,445.5","12,186.4","5,060",178.4,24.1,1.2,31/03/2011
166,213,Monsanto,US,Food producers,"42,704.4","11,832.0","1,607.0","18,971.0","20,600",79.8,26.9,1.4,31/08/2011
167,150,Hutchison Whampoa,Hong Kong,General industrials,"42,611.6","30,088.9","7,212.5","90,582.3","250,000",10,5.9,2.7,31/12/2011
168,237,Telstra,Australia,Fixed line telecommunications,"42,409.6","26,777.0","3,463.0","40,635.5","35,790",3.4,12.2,8.8,30/06/2011
169,158,Tesco,UK,Food & drug retailers,"42,362.4","99,075.0","4,317.1","76,679.9","492,714",5.3,9.8,4.6,26/02/2011
170,294,Las Vegas Sands,US,Travel & leisure,"42,259.9","9,410.7","1,414.4","22,244.0","40,000",57.6,36.9,,31/12/2011
171,87,EDF,France,Electricity,"42,125.4","84,594.8","3,899.0","296,891.9","151,804",22.8,10.7,6.5,31/12/2011
172,330,Starbucks,US,Travel & leisure,"42,107.5","11,700.4","1,245.7","7,204.1","149,000",55.9,34.5,0.9,10/02/2011
173,242,Accenture,US,Support services,"41,567.1","27,352.9","2,277.7","14,975.4","236,000",64.5,19,1.4,31/08/2011
174,256,Hon Hai Precision Industry,Taiwan,Electronic & electrical equipment,"41,467.8","114,007.5","2,694.1","57,134.9","961,000",3.9,15.5,,31/12/2011
175,159,China Merchants Bank,China,Banks,"41,378.1",N/R,"5,740.2","443,375.9","1,693",2,,3.4,31/12/2011
176,226,Reckitt Benckiser,UK,Household goods & home construction,"41,201.8","14,728.3","2,709.6","21,701.9","37,800",56.5,15.1,3.4,31/12/2011
177,179,Dow Chemical,US,Chemicals,"41,061.3","59,985.0","2,742.0","66,665.0","51,705",34.6,16.7,2.6,31/12/2011
178,189,Medtronic,US,Health care equipment & services,"40,780.7","15,933.0","3,096.0","30,424.0","45,000",39.2,13.7,2.3,29/04/2011
179,143,Banco Brasil,Brazil,Banks,"40,759.1",N/R,"6,508.9","516,875.5","113,810",14.2,6.2,6.7,31/12/2011
180,200,Novatek,Russia,Oil & gas producers,"40,421.5","5,435.8","3,715.3","11,885.1",,13.3,10.8,1.4,31/12/2011
181,281,Imperial Tobacco,UK,Tobacco,"40,404.5","23,654.2","2,797.5","47,453.2","38,200",40.5,14.7,3.7,30/09/2011
182,183,Surgutneftegas,Russia,Oil & gas producers,"40,383.4","23,425.1","7,239.5","51,284.6",,1,5.2,,31/12/2011
183,164,General Motors,US,Automobiles & parts,"40,161.8","150,276.0","9,190.0","144,603.0","67,000",25.7,5.6,,31/12/2011
184,209,China Unicom,Hong Kong,Mobile telecommunications,"39,942.5","32,497.3",656.7,"71,677.5","215,710",1.7,56.5,1.2,31/12/2011
185,216,Singapore Telecom,Singapore,Mobile telecommunications,"39,939.2","14,330.4","3,033.5","30,545.8","23,000",2.5,13.2,5.2,31/03/2011
186,170,Metlife,US,Life insurance,"39,719.4",N/R,"6,981.0","799,625.0","67,000",37.4,5.9,2,31/12/2011
187,192,Anadarko Petroleum,US,Oil & gas producers,"39,608.1","13,870.0","-2,649.0","51,779.0","4,800",78.3,,0.5,31/12/2011
188,193,Zurich Financial Services,Switzerland,Nonlife insurance,"39,558.8",N/R,"3,529.0","364,432.7","52,648",268.4,11.1,6.8,31/12/2011
189,239,Mizuho Financial Group,Japan,Banks,"39,415.4",N/R,"4,971.1","1,928,688.5","56,770",1.6,6.6,4.3,31/03/2011
190,272,Costco Wholesale,US,General retailers,"39,404.7","88,915.0","1,463.0","26,708.0","164,000",90.8,27.5,1,28/08/2011
191,120,France Telecom,France,Fixed line telecommunications,"39,171.4","58,649.1","5,045.4","119,860.4","165,533",14.8,7.7,12.3,31/12/2011
192,151,Potash Corporation of Saskatchewan,Canada,Chemicals,"39,130.7","8,424.0","2,978.1","16,238.0","2,003",45.6,13.1,0.6,31/12/2011
193,161,Axa,France,Nonlife insurance,"39,017.1",N/R,"5,601.1","927,898.7","96,996",16.6,8.6,5.4,31/12/2011
194,134,BBVA,Spain,Banks,"38,960.5",N/R,"3,940.4","766,007.1","110,645",7.9,9.6,6.5,31/12/2011
195,248,Target,US,General retailers,"38,952.7","69,865.0","2,929.0","46,630.0","365,000",58.3,13.6,2,28/01/2012
196,270,Southern,US,Electricity,"38,935.2","17,655.0","2,268.0","57,902.0","26,377",44.9,17.6,4.2,31/12/2011
197,187,Morgan Stanley,US,Financial services,"38,860.4",N/R,"2,359.0","749,898.0","61,899",19.6,8.7,1,31/12/2011
198,252,Danaher,US,General industrials,"38,743.1","16,090.5","2,172.3","29,949.5","59,000",56,19.9,0.2,31/12/2011
199,152,Apache,US,Oil & gas producers,"38,601.3","16,899.0","4,584.0","52,051.0","5,299",100.4,8.8,0.6,31/12/2011
200,168,Mitsubishi,Japan,Support services,"38,577.4","62,638.7","5,572.2","136,183.7","58,470",23.3,6.9,3.3,31/03/2011
201,185,Imperial Oil,Canada,Oil & gas producers,"38,436.6","29,876.4","3,304.9","24,930.3","5,085",45.4,11.6,0.9,31/12/2011
202,199,Texas Instruments,US,Technology hardware & equipment,"38,385.4","13,735.0","2,201.0","20,176.0","34,759",33.6,17.9,1.7,31/12/2011
203,182,Emerson Electric,US,Electronic & electrical equipment,"38,322.9","24,211.0","2,480.0","23,861.0","133,200",52.2,16,2.6,30/09/2011
204,233,Bank of Montreal,Canada,Banks,"37,995.9",N/R,"3,266.0","474,636.0","47,180",59.3,11.2,4.8,31/10/2011
205,221,Air Liquide,France,Chemicals,"37,791.6","18,726.7","1,988.2","30,872.0","46,200",133.1,18.9,2.4,31/12/2011
206,246,Lowe's Companies,US,General retailers,"37,621.8","50,208.0","1,824.0","33,559.0","248,000",31.4,21.9,1.7,02/03/2012
207,112,Lloyds Banking Group,UK,Banks,"37,279.2",N/R,"-4,327.7","1,500,082.4","120,449",0.5,,,31/12/2011
208,259,Gilead Sciences,US,Pharmaceuticals & biotechnology,"37,039.3","8,464.0","2,803.6","17,159.1","4,500",48.9,13.8,,31/12/2011
209,214,Blackrock,US,Financial services,"36,724.5",N/R,"2,327.0","179,890.0","10,100",204.9,16.6,2.7,31/12/2011
210,180,Nordea Bank,Sweden,Banks,"36,689.0",N/R,"3,423.0","927,509.0","33,068",9.1,10.7,3.6,31/12/2011
211,211,Time Warner,US,Media,"36,458.5","28,974.0","2,871.0","67,801.0","34,000",37.8,14,2.5,31/12/2011
212,204,Goldcorp,Canada,Mining,"36,437.7","5,182.9","1,818.2","29,373.9",,45,19.8,0.8,31/12/2011
213,139,Canadian Natural Resources,Canada,Oil & gas producers,"36,397.2","13,521.5","2,591.2","46,350.9","5,276",33.1,14,1.1,31/12/2011
214,217,Wesfarmers,Australia,General retailers,"36,121.4","58,427.6","2,060.0","43,276.5","198,592",31.1,17.5,5.2,30/06/2011
215,142,Freeport-McMoran Copper & Gold,US,Industrial metals & mining,"36,075.6","21,427.0","4,560.0","32,070.0","31,800",38,8,3.9,31/12/2011
216,260,National Grid,UK,"Gas, water & multiutilities","35,918.5","22,416.6","3,459.9","74,358.8","27,089",10.1,9.9,5.8,31/03/2011
217,174,Schneider Electric,France,Electronic & electrical equipment,"35,811.5","28,998.8","2,357.5","44,614.1","140,491",65.2,14.8,3.4,31/12/2011
218,367,Priceline.com,US,Travel & leisure,"35,730.7","4,355.6","1,056.4","3,859.6","5,000",717.5,34.8,,31/12/2011
219,398,Hermes International,France,Personal goods,"35,517.8","3,680.3",769.5,"4,205.9","9,081",336.4,45.8,2.7,31/12/2011
220,175,Santander Brasil,Brazil,Banks,"34,997.8",N/R,"4,158.9","207,039.1","54,602",9.2,,0,31/12/2011
221,232,Takeda Pharmaceutical,Japan,Pharmaceuticals & biotechnology,"34,975.8","17,075.2","2,981.9","33,200.9","18,498",44.3,11.7,4.9,31/03/2011
222,154,Norilsk Nickel,Russia,Industrial metals & mining,"34,959.1","12,728.3","3,285.9","23,823.0",,183.4,9.8,3.2,31/12/2010
223,249,Canadian National Railway,Canada,Industrial transportation,"34,924.7","8,851.0","2,408.8","25,515.6","23,230",79.3,14.9,1.6,31/12/2011
224,280,ITC,India,Tobacco,"34,821.8","5,000.4","1,126.5","5,913.8","24,027",4.5,29.7,1.3,31/03/2011
225,149,Credit Suisse Group,Switzerland,Banks,"34,245.4",N/R,1978.7,1108984.9,"49,700",28.5,19.4,2.8,31/12/2011
226,293,Praxair,US,Chemicals,"34,219.4","11,252.0","1,672.0","16,356.0","26,184",114.6,21,1.7,31/12/2011
227,302,Jardine Strategic,Singapore,General industrials,"34,171.2","31,102.1","3,949.8","56,003.0",,30.5,,0.7,31/12/2011
228,264,PNC Financial Services,US,Banks,"34,022.9",N/R,"3,044.0","271,205.0","51,891",64.5,11.4,1.8,31/12/2011
229,342,Celgene,US,Pharmaceuticals & biotechnology,"34,016.6","4,842.1","1,318.2","9,972.5","4,460",77.5,27.2,,31/12/2011
230,121,Enel,Italy,Electricity,"33,959.5","100,483.4","5,373.1","219,955.2","75,360",3.6,6.3,9.4,31/12/2011
231,148,Iberdrola,Spain,Electricity,"33,859.0","40,995.0","3,632.8","119,637.0","31,885",5.7,9.3,7.2,31/12/2011
232,188,Ericsson,Sweden,Technology hardware & equipment,"33,779.7","32,896.7","1,767.8","38,754.7","104,525",10.3,18.8,3.5,31/12/2011
233,262,National Oilwell Varco,US,Oil equipment & services,"33,713.1","14,650.0","1,994.0","25,248.0","49,975",79.5,16.9,0.6,31/12/2011
234,,Telefonica Brasil,Brazil,Fixed line telecommunications,"33,701.8","15,635.4","2,337.8","34,386.1",,31,12.3,9.3,31/12/2011
235,383,EADS,France,Aerospace & defence,"33,593.9","63,637.5","1,338.1","109,024.9","133,115",40.9,24.8,1.4,31/12/2011
236,230,DirecTV,US,Media,"33,383.9","27,226.0","2,609.0","18,213.0","16,200",49.3,14.2,,31/12/2011
237,332,Exelon,US,Electricity,"33,383.4","18,924.0","2,495.0","55,092.0","19,267",39.2,10.5,5.4,31/12/2011
238,292,Baxter International,US,Health care equipment & services,"33,257.3","13,895.0","2,224.0","17,950.0","48,500",59.8,15.4,2.1,31/12/2011
239,218,MTN Group,South Africa,Mobile telecommunications,"33,161.0","15,066.1","2,565.4","22,423.8","17,820",17.6,,5.3,31/12/2011
240,319,Jardine Matheson,Hong Kong,General industrials,"33,117.2","38,032.0","3,454.9","58,116.0",,50,,2.5,31/12/2011
241,194,A P Moller - Maersk,Denmark,Industrial transportation,"33,093.6","56,147.5","2,644.3","69,602.6","117,080","7,711.4",12.7,2.3,31/12/2011
242,258,Woolworths,Australia,Food & drug retailers,"33,020.7","58,030.9","2,276.5","22,062.2","190,000",26.9,14.4,4.9,26/06/2011
243,364,International Power,UK,"Gas, water & multiutilities","32,969.0","21,805.7","1,864.0","62,578.2","11,658",6.5,17,2.5,31/12/2011
244,184,Softbank,Japan,Mobile telecommunications,"32,937.7","36,145.8","2,282.2","54,695.4","21,799",29.7,14.1,0.2,31/03/2011
245,288,Al Rajhi Bank,Saudi Arabia,Banks,"32,796.2",N/R,"1,967.5","58,884.3","10,261",21.9,16.7,4,31/12/2011
246,263,PTT,Thailand,Oil & gas producers,"32,775.6","76,924.3","3,335.8","43,816.4",,11.5,9.8,3,31/12/2011
247,381,Yum! Brands,US,Travel & leisure,"32,772.3","12,626.0","1,319.0","8,285.0","466,000",71.2,26,1.5,31/12/2011
248,343,Astra International,Indonesia,Automobiles & parts,"32,740.1","17,882.0","1,956.4","16,732.4","112,003",8.1,16.9,0.9,31/12/2011
249,297,Richemont,Switzerland,Personal goods,"32,687.6","9,952.7","1,574.1","13,235.1","21,387",62.6,21.8,0.8,31/03/2011
250,195,Deere,US,Industrial engineering,"32,507.7","32,012.5","2,799.9","45,348.8","61,300",80.9,12.2,1.9,31/10/2011
251,198,Sun Hung Kai Properties,Hong Kong,Real estate investment & services,"32,504.5",N/R,"6,180.0","53,091.7","35,000",12.4,5.2,3.5,30/06/2011
252,353,Kweichow Moutai,China,Beverages,"32,467.4","2,622.2","1,392.3","5,465.2","11,456",31.3,23.3,2,31/12/2011
253,291,Syngenta,Switzerland,Chemicals,"32,375.9","12,429.7","1,498.0","16,311.0","26,300",345.3,21.1,2.5,31/12/2011
254,382,Capital One Financial,US,Financial services,"32,335.3",N/R,"3,147.0","206,019.0","31,542",55.7,8.2,0.4,31/12/2011
255,191,Infosys Technologies,India,Software & computer services,"32,147.6","6,174.0","1,531.8","6,933.7","130,820",56.3,21,1.2,31/03/2011
256,278,Heineken,Netherlands,Beverages,"31,966.0","22,180.1","1,852.3","34,524.7","64,252",55.5,17.5,1.9,31/12/2011
257,162,ING,Netherlands,Life insurance,"31,863.2",N/R,7468.9,1645803.3,"97,043",8.3,7.4,,31/12/2011
258,,Sands China,Hong Kong,Travel & leisure,"31,465.5","4,889.1","1,135.0","10,127.7",,3.9,,1.8,31/12/2011
259,227,Sasol,South Africa,Oil & gas producers,"31,104.2","21,033.5","2,923.0","26,118.5","33,708",48.3,9.9,4,30/06/2011
260,334,BCE,Canada,Fixed line telecommunications,"30,994.4","19,114.7","2,294.1","38,330.3","55,250",40,14.1,5,31/12/2011
261,225,Volvo,Sweden,Industrial engineering,"30,907.3","44,993.9","2,573.4","49,348.7","98,162",14.5,11.4,3,31/12/2011
262,254,CIBC,Canada,Banks,"30,724.9",N/R,"3,079.0","353,429.0","42,239",76.3,10.4,4.6,31/10/2011
263,176,Halliburton,US,Oil equipment & services,"30,633.8","24,829.0","2,839.0","23,677.0","68,000",33.2,10.8,1.1,31/12/2011
264,337,Linde,Germany,Chemicals,"30,633.1","17,858.9","1,520.7","36,978.1","50,417",179.2,20.1,1.8,31/12/2011
265,190,Repsol YPF,Spain,Oil & gas producers,"30,580.5","79,666.0","2,840.7","88,585.7","46,575",25,10.7,,31/12/2011
266,261,China Citic Bank,China,Banks,"30,532.3",N/R,"4,896.5","438,971.1","37,195",0.6,,5,31/12/2011
267,315,Prudential,UK,Life insurance,"30,432.7",N/R,"2,313.7","418,723.4","25,414",11.9,13.1,3.3,31/12/2011
268,390,Enbridge,Canada,Oil equipment & services,"30,317.8","19,021.5",984.3,"33,629.3","6,934",38.8,29.8,2.5,31/12/2011
269,321,Transcanada,Canada,Oil equipment & services,"30,179.8","9,191.2","1,551.0","47,903.8","4,300",42.9,20,3.9,31/12/2011
270,265,Mitsui,Japan,Support services,"30,161.7","56,293.7","3,689.1","103,265.6","40,026",16.5,8.1,3.5,31/03/2011
271,224,TeliaSonera,Sweden,Mobile telecommunications,"30,110.0","15,128.2","2,658.9","35,634.8","28,412",7,11.4,6,31/12/2011
272,,Biogen Idec,US,Pharmaceuticals & biotechnology,"30,079.3","5,011.7","1,234.4","9,049.6","5,000",126,25,,31/12/2011
273,496,TJX Cos,US,General retailers,"29,952.5","23,191.5","1,496.1","8,281.6","168,000",39.7,20.6,0.6,28/01/2012
274,275,Eog Resources,US,Oil & gas producers,"29,925.4","8,974.0","1,091.1","24,838.8","2,550",111.1,27.1,0.6,31/12/2011
275,222,Cheung Kong Holdings,Hong Kong,Real estate investment & services,"29,921.6",N/R,"5,929.6","48,047.7","10,000",12.9,5,3.2,31/12/2011
276,255,Itausa,Brazil,Financial services,"29,833.0",N/R,"2,596.4","162,639.2","122,000",6.2,11.5,1.6,31/12/2011
277,124,ArcelorMittal,Netherlands,Industrial metals & mining,"29,786.1","87,093.2","2,097.3","115,799.3","260,523",19.1,17.2,3.8,31/12/2011
278,333,Telenor,Norway,Mobile telecommunications,"29,772.6","16,441.3","1,324.6","27,686.4","32,031",18.5,,4.5,31/12/2011
279,307,Denso,Japan,Automobiles & parts,"29,703.5","37,671.5","1,720.7","39,912.2","123,165",33.6,15.7,1.7,31/03/2011
280,285,Formosa Petrochemical,Taiwan,Oil & gas producers,"29,693.5","26,428.0",742.9,"15,090.2","6,426",3.1,39,2.2,31/12/2011
281,300,Prudential Financial,US,Life insurance,"29,666.5",N/R,"3,508.0","624,500.0","50,104",63.4,8.8,2.3,31/12/2011
282,247,Vinci,France,Construction & materials,"29,508.8","48,764.4","2,466.7","78,233.5","183,320",52.1,11.4,4.4,31/12/2011
283,329,Dell,US,Technology hardware & equipment,"29,241.1","62,257.0","3,492.0","44,533.0","109,400",16.6,8.8,,02/03/2012
284,203,Posco,South Korea,Industrial metals & mining,"29,240.5","59,494.1","3,148.3","66,928.4",,335.4,8.2,2.6,31/12/2011
285,373,Henkel,Germany,Household goods & home construction,"29,225.2","20,213.8","1,623.1","23,463.8","47,265",62.3,16.6,1.7,31/12/2011
286,354,Dominion Resources,US,Electricity,"29,221.6","14,125.0","1,408.0","45,614.0","15,800",51.2,20.9,3.8,31/12/2011
287,325,KDDI,Japan,Mobile telecommunications,"29,210.3","41,317.6","3,069.1","43,912.3","18,418","6,513.2",9.3,2.4,31/03/2011
288,250,Boc Hong Kong,Hong Kong,Banks,"29,209.9",N/R,"2,630.4","223,806.1","14,475",2.8,11.1,5.4,31/12/2011
289,223,Intesa Sanpaolo,Italy,Banks,"29,179.8",N/R,"-10,608.8","828,008.5","98,796",1.8,,,31/12/2011
290,323,Lockheed Martin,US,Aerospace & defence,"29,173.3","46,499.0","2,655.0","33,520.0","123,000",89.9,11.5,3.6,31/12/2011
291,387,Hitachi,Japan,Electronic & electrical equipment,"29,165.8","112,069.2","2,873.6","108,928.9","361,745",6.5,10.1,1.1,31/03/2011
292,241,RWE,Germany,"Gas, water & multiutilities","29,163.3","63,669.9","2,339.4","116,625.9","72,068",47.7,11,5.5,31/12/2011
293,426,Allergan,US,Pharmaceuticals & biotechnology,"29,078.9","5,419.1",934.5,"8,356.0","10,000",95.4,31.7,0.2,31/12/2011
294,346,Kimberly-Clark,US,Personal goods,"29,064.0","20,846.0","1,591.0","19,075.0","57,000",73.9,18.5,3.8,31/12/2011
295,219,Woodside Petroleum,Australia,Oil & gas producers,"29,053.7","4,704.7","1,476.5","22,716.9","3,856",36.1,19.3,2.9,31/12/2011
296,305,Fedex,US,Industrial transportation,"29,001.2","39,304.0","1,452.0","27,385.0","270,300",92,20.1,0.5,31/05/2011
297,228,Bank of New York Mellon,US,Financial services,"28,982.0",N/R,"2,480.0","325,266.0","48,700",24.1,11.9,2,31/12/2011
298,166,Unicredit,Italy,Banks,"28,944.7",N/R,,"1,200,481.0","160,360",5,,,31/12/2011
299,231,Walgreen,US,Food & drug retailers,"28,893.5","72,184.0",,"27,488.0","247,000",33.5,11.4,2.2,31/08/2011
300,208,Devon Energy,US,Oil & gas producers,"28,739.6","10,573.0","4,681.0","41,117.0","5,200",71.1,6.3,1.2,31/12/2011
301,276,Atlas Copco,Sweden,Industrial engineering,"28,639.4","11,772.0","1,879.3","10,736.0","37,579",24.1,15.5,3,31/12/2011
302,253,Komatsu,Japan,Industrial engineering,"28,181.6","22,172.8","1,813.6","25,672.3","41,059",28.7,15.3,1.6,31/03/2011
303,400,BT Group,UK,Fixed line telecommunications,"28,159.4","32,173.0","2,407.1","36,985.5","92,600",3.6,11.7,3.3,31/03/2011
304,380,Duke Energy,US,"Gas, water & multiutilities","28,110.6","14,529.0","1,706.0","62,526.0","18,249",21,16.4,4.7,31/12/2011
305,357,Christian Dior,France,Personal goods,"27,841.6","31,901.6","1,656.7","65,343.4","101,154",153.2,16.5,2.2,31/12/2011
306,372,Pernod-Ricard,France,Beverages,"27,637.2","11,092.9","1,516.7","35,181.5","17,926",104.4,18.1,2,30/06/2011
307,341,Illinois Tool Works,US,Industrial engineering,"27,504.7","17,786.6","2,071.4","17,349.7","65,000",57.1,13.6,2.5,31/12/2011
308,,Kinder Morgan,US,Oil equipment & services,"27,321.5","8,329.6",594.4,"30,717.0","8,120",38.7,,1.9,31/12/2011
309,340,DBS Group Holdings,Singapore,Banks,"27,312.2",N/R,"2,340.0","262,681.6","18,000",11.3,11.3,3.8,31/12/2011
310,408,Medco Health Solutions,US,Health care equipment & services,"27,285.1","70,063.3","1,455.7","16,962.8",,70.3,19.1,,31/12/2011
311,304,Cenovus Energy,Canada,Oil & gas producers,"27,080.9","15,388.2","1,449.0","21,758.8","2,810",35.9,18.7,2.2,31/12/2011
312,358,Automatic Data Processing,US,Support services,"27,074.9","9,879.5","1,254.2","34,176.0","51,000",55.2,21.9,2.6,30/06/2011
313,303,Munich Re,Germany,Nonlife insurance,"26,998.4",N/R,909.3,"303,626.4","47,206",150.5,29.5,5.4,31/12/2011
314,251,Southern Copper,US,Industrial metals & mining,"26,952.8","6,818.7","2,336.4","7,917.5","12,145",31.7,11.6,7.6,31/12/2011
315,324,Franklin Resources,US,Financial services,"26,783.4",N/R,"1,915.0","13,775.8","8,453",124,14.4,0.8,30/09/2011
316,210,Ogx Petroleo,Brazil,Oil & gas producers,"26,780.6",,-258.8,"7,551.0",334,8.3,,,31/12/2011
317,,Femsa,Mexico,Beverages,"26,674.1","14,550.2","1,084.4","19,652.2","177,470",8.2,,1.6,31/12/2011
318,365,Kia Motors,South Korea,Automobiles & parts,"26,510.2","37,273.8","2,947.6","26,056.8","32,710",65.4,8.8,0.8,31/12/2011
319,409,Seven & I Holding,Japan,General retailers,"26,476.4","62,614.4","1,369.3","45,390.4","50,765",29.9,19.4,2.3,28/02/2011
320,301,Shanghai Pudong Development Bank,China,Banks,"26,448.9",N/R,"4,335.2","425,865.7","31,231",1.4,,3.5,31/12/2011
321,355,Covidien,US,Health care equipment & services,"26,429.0","11,574.0","1,868.0","20,192.0","41,300",54.7,14.4,1.5,30/09/2011
322,289,China Pacific Insurance,China,Life insurance,"26,421.1",N/R,"1,320.8","89,867.6",,3.1,,1.9,31/12/2011
323,318,General Dynamics,US,Aerospace & defence,"26,386.3","32,677.0","2,526.0","34,573.0","95,100",73.4,10.7,2.6,31/12/2011
324,243,NTPC,India,Electricity,"26,341.1","12,905.0","2,098.7","32,324.3","25,144",3.2,12.8,2.8,31/03/2011
325,500,Qatar National Bank,Qatar,Banks,"26,330.7",N/R,"2,062.3","82,932.0",,37.6,12.1,2.7,31/12/2011
326,308,Express Scripts,US,Health care equipment & services,"26,290.4","46,272.3","1,275.8","15,607.0","13,120",54.2,21.4,,31/12/2011
327,401,China Minsheng Banking,China,Banks,"26,224.1",N/R,"4,435.9","353,044.4","40,820",0.9,,5.5,31/12/2011
328,215,Royal Bank of Scotland,UK,Banks,"26,178.8",N/R,"-3,100.9","2,333,841.3","146,800",0.4,,,31/12/2011
329,339,Centrica,UK,"Gas, water & multiutilities","26,154.5","35,441.1",653.7,"30,021.8","39,432",5.1,36.1,4.7,31/12/2011
330,207,State Bank of India,India,Banks,"26,129.7",N/R,"2,398.8","369,603.1","222,933",41.2,10.9,1.6,31/03/2011
331,351,Saic Motor,China,Automobiles & parts,"25,962.0","67,625.2","3,212.9","49,592.0","5,379",2.4,,2.1,31/12/2011
332,443,Tyco International,US,General industrials,"25,897.0","17,355.0","1,733.0","25,743.0","102,000",56.2,15.5,1.8,30/09/2011
333,320,Viacom,US,Media,"25,890.0","14,914.0","2,136.0","22,801.0","10,580",47.5,13.2,1.9,30/09/2011
334,374,Time Warner Cable,US,Media,"25,598.0","19,675.0","1,654.0","48,276.0","48,500",81.5,16.4,2.4,31/12/2011
335,393,General Mills,US,Food producers,"25,536.3","14,880.2","1,798.3","18,674.5","35,000",39.5,14.6,2.8,29/05/2011
336,395,FPL Group,US,Electricity,"25,422.0","14,827.0","1,923.0","57,188.0","4,700",61.1,13.3,3.6,31/12/2011
337,290,Hang Seng Bank,Hong Kong,Banks,"25,412.4",N/R,"2,147.6","125,588.5","9,834",13.3,11.9,5,31/12/2011
338,416,East Japan Railway,Japan,Travel & leisure,"25,323.5","30,524.4",917,"81,497.1","71,749",63.3,27.3,2.1,31/03/2011
339,296,Bharti Airtel,India,Mobile telecommunications,"25,187.6","13,350.4","1,357.5","31,879.1","23,371",6.6,18.4,0.3,31/03/2011
340,338,Newmont Mining,US,Mining,"25,132.2","10,358.0",366,"25,869.0","17,100",51.3,70.2,2,31/12/2011
341,444,Precision Castparts,US,Aerospace & defence,"25,098.6","6,220.1","1,013.5","8,955.9","18,300",172.9,24.7,0.1,04/03/2011
342,434,Shin-Etsu Chemical,Japan,Chemicals,"25,098.3","12,730.8","1,204.4","21,196.6","16,302",58.1,20.4,2.1,31/03/2011
343,368,Gazprom Neft,Russia,Oil & gas producers,"25,083.6","32,795.2","4,864.7","36,469.0",,5.3,5.1,4.3,31/12/2011
344,,LyondellBasell Industries,US,Chemicals,"25,072.5","47,298.7","1,978.7","22,819.1","14,000",43.7,12.5,0.6,31/12/2011
345,328,Wilmar International,Singapore,Food producers,"24,948.9","43,194.0","1,546.6","39,412.9","90,000",3.9,16.2,1.3,31/12/2011
346,388,Mitsubishi Estate,Japan,Real estate investment & services,"24,937.4",N/R,772.6,"50,999.5","8,001",17.9,32,0.8,31/03/2011
347,295,Carnival,US/UK,Travel & leisure,"24,902.8","15,793.0","1,912.0","38,637.0","91,300",32.1,13.3,3.1,30/11/2011
348,326,Inpex,Japan,Oil & gas producers,"24,832.6","11,345.3","1,548.3","31,917.6","1,854","6,792.6",13.8,1.1,31/03/2011
349,457,American Tower,US,Real estate investment trusts,"24,811.9",N/R,396.5,"11,986.8","2,122",63,63.7,,31/12/2011
350,427,Ace,US,Nonlife insurance,"24,679.6",N/R,"1,585.0","86,893.0","16,500",73.2,15.7,2,31/12/2011
351,311,Hyundai Mobis,South Korea,Automobiles & parts,"24,614.1","22,692.2","2,608.8","19,463.0","6,556",252.9,9.2,0.6,31/12/2011
352,310,Grupo Mexico,Mexico,Industrial metals & mining,"24,590.0","9,357.7","2,137.8","15,312.6","26,989",3.2,,,31/12/2011
353,349,Wellpoint,US,Health care equipment & services,"24,545.1","60,804.0","2,646.7","52,018.8","37,700",73.8,10.2,1.4,31/12/2011
354,336,Husky Energy,Canada,Oil & gas producers,"24,524.7","22,905.8","2,180.4","31,790.1","4,726",25.4,10.8,4.6,31/12/2011
355,282,Manulife Financial,Canada,Life insurance,"24,430.9",N/R,126.5,"451,317.6",,13.5,,3.8,31/12/2011
356,360,Oversea-Chinese Banking,Singapore,Banks,"24,411.5",N/R,"1,782.7","214,120.3","22,892",7.1,13.9,3.2,31/12/2011
357,,Fast Retailing,Japan,General retailers,"24,309.5","10,705.6",709.3,"6,869.0","14,612",229.2,32.8,1,31/08/2011
358,,Rolls-Royce,UK,Aerospace & defence,"24,290.0","17,273.4","1,319.9","24,930.2","40,400",13,18.3,,31/12/2011
359,389,The Swatch Group,Switzerland,Personal goods,"24,133.6","7,211.1","1,352.9","10,196.2","28,028",459.7,18.3,1.3,31/12/2011
360,257,Generali,Italy,Nonlife insurance,"24,132.1",N/R,"1,108.9","531,783.8","81,997",15.5,21.2,1.7,31/12/2011
361,,Centurylink,US,Fixed line telecommunications,"23,948.1","15,351.0",571,"56,139.0","49,200",38.7,36.1,7.5,31/12/2011
362,375,HDFC Bank,India,Banks,"23,939.3",N/R,896.3,"62,135.7","55,752",10.2,26.2,0.1,31/03/2011
363,266,Thomson Reuters,Canada,Media,"23,894.2","13,807.0","-1,390.0","32,426.0","60,500",28.9,,4.3,31/12/2011
364,379,Chunghwa Telecom,Taiwan,Fixed line telecommunications,"23,891.7","7,181.6","1,554.2","14,614.0","28,772",3.1,15.4,5.8,31/12/2011
365,267,Saint Gobain,France,Construction & materials,"23,880.8","54,554.5","1,663.2","58,659.5","192,933",44.6,14.1,3.6,31/12/2011
366,236,VTB Bank,Russia,Banks,"23,784.0",N/R,"2,775.9","209,491.2","67,912",0,,,31/12/2011
367,450,Reynolds American,US,Tobacco,"23,704.6","8,541.0","1,406.0","16,254.0","5,450",41.4,17.3,5.2,31/12/2011
368,,Public Storage,US,Real estate investment trusts,"23,679.5",N/R,823.8,"8,932.6","5,000",138.2,39.6,2.6,31/12/2011
369,441,Swiss RE,Switzerland,Nonlife insurance,"23,644.3",N/R,"2,460.1","214,062.4","10,788",63.8,8.8,5,31/12/2011
370,245,Mosaic,US,Chemicals,"23,523.8","9,937.8","2,514.6","15,780.4","7,700",55.3,9.8,0.4,31/05/2011
371,279,Newcrest Mining,Australia,Mining,"23,520.3","4,396.6",973.2,"18,276.5",,30.7,22.8,1,30/06/2011
372,,Siam Commercial Bank,Thailand,Banks,"23,491.4",N/R,"1,149.1","59,489.9",,4.7,13.7,2.4,31/12/2011
373,,Souza Cruz,Brazil,Tobacco,"23,459.0","2,979.2",860.3,"2,314.7","7,000",15.4,27.2,12,31/12/2011
374,,Uralkali,Russia,Chemicals,"23,384.1","3,177.6","1,076.2","12,628.0","23,000",7.6,18.9,1.6,31/12/2011
375,370,Cognizant Technology Solutions,US,Software & computer services,"23,344.8","6,121.2",883.6,"5,343.7","137,700",77,27,,31/12/2011
376,348,Great West Lifeco,Canada,Life insurance,"23,320.8",N/R,"2,076.5","232,968.1","17,450",24.6,11.7,4.9,31/12/2011
377,377,Falabella,Chile,General retailers,"23,296.3","9,279.0",812.3,"14,810.5","2,519",9.7,28.4,1.3,31/12/2011
378,356,Travelers Cos.,US,Nonlife insurance,"23,269.9",N/R,"1,415.0","104,595.0","30,600",59.2,17.6,2.7,31/12/2011
379,424,Deutsche Post,Germany,Industrial transportation,"23,240.0","68,431.5","1,506.5","48,257.9","423,502",19.2,15.4,4.7,31/12/2011
380,421,Naspers,South Africa,Media,"23,121.6","4,885.7",776.7,"10,194.8","15,932",56.2,27,0.7,31/03/2011
381,376,Standard Bank,South Africa,Banks,"23,095.2",N/R,"1,677.5","184,528.6","52,127",14.5,,3.7,31/12/2011
382,433,Cummins,US,Industrial engineering,"23,069.4","18,045.0","1,848.0","11,501.0","43,900",120,12.6,1.1,31/12/2011
383,331,CEZ,Czech Republic,Electricity,"23,016.6","10,616.0","2,062.7","30,228.4","31,420",42.8,,5.4,31/12/2011
384,394,United Overseas Bank,Singapore,Banks,"22,960.5",N/R,"1,794.1","182,439.4",,14.6,13.3,3.2,31/12/2011
385,244,Vivendi,France,Media,"22,854.1","37,322.6","3,472.8","70,334.4","58,400",18.3,6.5,7.1,31/12/2011
386,352,Norfolk Southern,US,Industrial transportation,"22,853.6","11,172.0","1,907.0","28,538.0","30,329",65.8,12.1,2.5,31/12/2011
387,,El Paso,US,Oil equipment & services,"22,838.0","4,587.0",141,"24,314.0","4,858",29.6,,0.1,31/12/2011
388,347,Industrial Bank,China,Banks,"22,812.7",N/R,"4,052.2","382,334.4","34,611",2.1,,2.8,31/12/2011
389,,Elektra,Mexico,General retailers,"22,762.7","3,727.7","2,143.5","12,659.0",,94.1,,0.1,31/12/2011
390,391,Saipem,Italy,Oil equipment & services,"22,758.6","15,684.0","1,193.0","20,404.2","40,388",51.6,18.9,1.8,31/12/2011
391,160,Societe Generale,France,Banks,"22,700.0",N/R,3060.9,1524343.2,"159,616",29.2,7,,31/12/2011
392,284,Panasonic,Japan,Leisure goods,"22,683.9","104,572.8",890.4,"90,140.2","366,937",9.3,21.5,1.3,31/03/2011
393,312,Tenaris,Italy,Industrial metals & mining,"22,480.4","9,242.4","1,233.7","14,628.9","26,980",19,18.1,1.9,31/12/2011
394,313,CSX,US,Industrial transportation,"22,361.2","11,743.0","1,823.0","29,473.0","31,000",21.5,12.9,2.1,30/12/2011
395,220,Marathon Oil,US,Oil & gas producers,"22,324.5","14,712.0","2,946.0","31,371.0","3,322",31.7,7.7,2.5,31/12/2011
396,,Coach,US,Personal goods,"22,238.7","4,158.5",880.8,"2,531.5","15,000",77.3,26.5,0.9,07/02/2011
397,430,Tokio Marine Holdings,Japan,Nonlife insurance,"22,201.5",N/R,865.3,"197,046.8","29,758",27.6,24.6,2.2,31/03/2011
398,413,State Street,US,Financial services,"22,197.1",N/R,"1,902.0","216,432.0","29,740",45.5,12,1.6,31/12/2011
399,429,Malayan Banking,Malaysia,Banks,"22,119.1",N/R,"1,629.7","141,915.0","42,000",2.9,13.2,4.8,31/12/2011
400,454,Tullow Oil,UK,Oil & gas producers,"22,103.0","2,223.6",626.3,"10,595.1",,24.4,,0.8,31/12/2011
401,322,Johnson Controls,US,Automobiles & parts,"22,100.9","40,833.0","1,624.0","27,821.0","162,000",32.5,13.8,2,30/09/2011
402,405,Kumba Iron Ore,South Africa,Industrial metals & mining,"22,075.4","6,001.6","2,106.6","4,172.5",,68.5,10.4,8,31/12/2011
403,,CBS,US,Media,"22,025.6","14,245.0","1,305.0","26,197.0","26,425",33.9,17.7,1,31/12/2011
404,458,Saudi Telecom,Saudi Arabia,Fixed line telecommunications,"22,024.1","14,843.4","2,061.0","29,556.0",,11,10.7,4.8,31/12/2011
405,,BB&T,US,Banks,"21,916.3",N/R,"1,289.0","173,937.0","31,800",31.4,17.2,2,31/12/2011
406,316,Telecom Italia,Italy,Fixed line telecommunications,"21,842.1","38,805.8","-6,119.0","108,576.4","84,154",1.2,,5.1,31/12/2011
407,406,Copec,Chile,Oil & gas producers,"21,704.3","19,499.6",861,"19,906.8",,16.7,25.3,1.7,31/12/2011
408,327,LG Chem,South Korea,Chemicals,"21,641.0","19,569.0","1,845.0","13,163.6",,326.6,12.9,1.1,31/12/2011
409,490,PPR,France,General retailers,"21,639.4","15,838.4","1,277.6","31,595.2","52,107",171.8,16.7,2.6,31/12/2011
410,468,McKesson,US,Food & drug retailers,"21,600.6","112,084.0","1,202.0","30,886.0","36,400",87.8,20.5,0.8,31/03/2011
411,240,Hyundai Heavy Industries,South Korea,Industrial engineering,"21,564.8","45,756.2","2,208.4","42,219.4",,283.8,7.1,1.2,31/12/2011
412,298,Fortum,Finland,Electricity,"21,530.4","7,980.6","2,291.5","29,595.9","10,780",24.2,9.4,5.4,31/12/2011
413,369,Aflac,US,Life insurance,"21,485.0",N/R,"1,964.0","117,102.0","8,284",46,11,2.7,31/12/2011
414,,Intuitive Surgical,US,Health care equipment & services,"21,467.1","1,757.3",495.1,"2,994.0","1,924",541.8,44,,31/12/2011
415,212,Nintendo,Japan,Leisure goods,"21,449.6","12,202.6",933.8,"19,239.3","4,712",151.4,20.7,3.6,31/03/2011
416,268,Corning,US,Technology hardware & equipment,"21,428.0","7,890.0","2,805.0","25,196.0","28,800",14.1,8,1.6,31/12/2011
417,449,Industries Qatar,Qatar,General industrials,"21,392.8","4,545.3","2,178.2","10,101.2",,38.9,9.8,5.3,31/12/2011
418,488,Bank Central Asia,Indonesia,Banks,"21,354.7",N/R,"1,190.1","41,922.1","19,962",0.9,17.4,,31/12/2011
419,371,Holcim,Switzerland,Construction & materials,"21,314.5","22,115.2",293.2,"44,844.4","80,967",65.2,70.8,1.6,31/12/2011
420,345,Wipro,India,Software & computer services,"21,233.3","6,971.7","1,189.3","8,306.0","120,000",8.6,17.6,1.5,31/03/2011
421,474,Fresenius Medical Care,Germany,Health care equipment & services,"21,226.6","11,858.3",992.7,"19,444.7","79,159",70.8,21.5,1.3,31/12/2011
422,,Salesforce.com,US,Software & computer services,"21,167.9","2,266.5",-11.6,"4,076.6","7,785",154.5,,,31/01/2012
423,386,Stryker,US,Health care equipment & services,"21,152.5","8,307.0","1,345.0","12,088.0","21,241",55.5,16.1,1.4,31/12/2011
424,417,Westfield Group,Australia,Real estate investment trusts,"21,121.4",N/R,"1,567.2","37,545.5",,9.1,13.5,5.5,31/12/2011
425,,Jiangsu Yanghe Brewery,China,Beverages,"21,028.1","2,024.3",638.9,"2,917.4","7,090",23.4,,1,31/12/2011
426,,Vodacom,South Africa,Mobile telecommunications,"20,968.3","9,037.0","1,217.5","6,055.2","7,481",14.1,17,4.8,31/03/2011
427,,Asml Holding,Netherlands,Technology hardware & equipment,"20,954.9","7,320.0","1,900.3","9,355.1","7,955",49.9,11.1,1.2,31/12/2011
428,403,Archer Daniels Midland,US,Food producers,"20,947.3","80,689.0","2,036.0","42,193.0","30,700",31.7,10.1,2,30/06/2011
429,396,Swisscom,Switzerland,Fixed line telecommunications,"20,913.0","12,225.0",728.2,"20,404.1","20,061",403.7,28.6,5.8,31/12/2011
430,366,DNB,Norway,Banks,"20,902.2",N/R,"2,166.1","354,717.2","14,072",12.8,9.6,2.7,31/12/2011
431,269,Sony,Japan,Leisure goods,"20,802.0","86,477.1","-3,122.8","152,605.4","168,200",20.7,,1.4,31/03/2011
432,404,Power Financial,Canada,Life insurance,"20,789.5",N/R,"1,790.2","234,790.7",,29.4,12.3,4.7,31/12/2011
433,464,Rogers Communications,Canada,Mobile telecommunications,"20,771.3","12,184.3","1,532.4","17,972.5","28,745",39.6,14,3.5,31/12/2011
434,492,CLP Holdings,Hong Kong,Electricity,"20,763.9","11,797.9","1,195.8","27,425.3","6,316",8.6,17.3,3.7,31/12/2011
435,440,MTR,Hong Kong,Travel & leisure,"20,714.2","4,303.2","1,894.7","25,472.7","21,295",3.6,10.9,2.8,31/12/2011
436,428,Thermo Fisher Scientific,US,Health care equipment & services,"20,626.8","11,725.9","1,329.9","26,833.7","39,300",56.4,21.2,,31/12/2011
437,,Spectra Energy,US,"Gas, water & multiutilities","20,588.2","5,351.0","1,184.0","28,138.0","5,700",31.6,17.4,3.4,31/12/2011
438,,Synthes,Switzerland,Health care equipment & services,"20,578.8","3,722.7",905.7,"8,491.3","12,005",173.3,22.6,1.1,31/12/2011
439,286,Teck Resources,Canada,Industrial metals & mining,"20,545.0","11,288.2","2,615.7","33,371.5","10,000",35.6,8,1.9,31/12/2011
440,442,Citic Securities,China,Financial services,"20,473.1",N/R,"1,998.2","23,345.2","13,260",2,10,3.5,31/12/2011
441,277,Philips Electronics,Netherlands,Leisure goods,"20,422.7","29,247.5","-1,677.5","35,301.9","121,888",20.2,,4.8,31/12/2011
442,271,Nokia,Finland,Technology hardware & equipment,"20,356.7","50,076.6","-1,507.8","44,504.0","130,050",5.4,,4.8,31/12/2011
443,,Hong Kong and China Gas,Hong Kong,"Gas, water & multiutilities","20,250.0","2,887.5",791.8,"10,955.2",,2.6,,2,31/12/2011
444,317,ICICI Bank,India,Banks,"20,141.6",N/R,"1,367.9","119,158.8",,17.5,14.6,1.8,31/03/2011
445,314,Hess,US,Oil & gas producers,"20,135.3","38,466.0","1,703.0","36,195.0","14,350",59,11.8,0.7,31/12/2011
446,,Scottish & Southern Energy,UK,Electricity,"20,059.8","45,407.3","2,411.1","34,116.4","20,249",21.2,8.2,5.7,31/03/2011
447,475,Reed Elsevier,Netherlands/UK,Media,"20,029.5","9,325.9","1,180.9","17,873.3","30,500",8.9,17.7,3.7,31/12/2011
448,461,Svenska Handelsbanken,Sweden,Banks,"19,909.4",N/R,"1,786.5","355,754.4","11,184",31.8,11,4.5,31/12/2011
449,,Bridgestone,Japan,Automobiles & parts,"19,819.9","39,286.4","1,337.6","33,549.3","143,124",24.4,14.3,1.2,31/12/2011
450,,Wuliangye Yibin,China,Beverages,"19,793.5","3,048.9",978.3,"5,860.9","29,276",5.2,,1.5,31/12/2011
451,,Compass Group,UK,Travel & leisure,"19,770.4","24,662.0","1,134.0","14,283.5","471,108",10.5,17.5,2.9,30/09/2011
452,466,Brookfield Asset Management,Canada,Financial services,"19,604.6",N/R,"1,891.7","88,911.8","23,000",31.5,10.9,1.6,31/12/2011
453,402,Housing Development Finance,India,Financial services,"19,519.9",N/R,"1,014.1","39,316.4","1,607",13.2,18.9,1.5,31/03/2011
454,,Astellas Pharma,Japan,Pharmaceuticals & biotechnology,"19,333.8","11,476.0",813.8,"15,432.1","16,279",41.3,23.3,3.7,31/03/2011
455,495,Air Products and Chemicals,US,Chemicals,"19,333.6","10,082.0","1,224.2","14,166.9","18,900",91.8,16.3,2.4,30/09/2011
456,,Industrias Penoles,Mexico,Industrial metals & mining,"19,249.7","6,941.3",914,"5,666.2",,48.4,,1.3,31/12/2011
457,465,CME Group,US,Financial services,"19,223.1",N/R,"1,812.3","40,758.7","2,740",289.3,10.7,1.9,31/12/2011
458,472,CSL,Australia,Pharmaceuticals & biotechnology,"19,208.3","4,488.3","1,008.2","5,245.2","10,411",37.2,20,2.3,30/06/2011
459,411,Emirates Telecommunications,UAE,Mobile telecommunications,"19,178.7","8,778.2","1,589.7","19,762.8",,2.4,12.2,6.6,31/12/2011
460,478,Kellogg,US,Food producers,"19,141.6","13,198.0","1,231.0","11,901.0","30,700",53.6,15.9,3.1,31/12/2011
461,,Sime Darby,Malaysia,General industrials,"19,106.3","13,860.7","1,213.4","13,985.0",,3.2,15.9,3.1,30/06/2011
462,,Broadcom,US,Technology hardware & equipment,"19,099.8","7,389.0",927,"9,040.0","9,590",39.3,23.8,0.9,31/12/2011
463,359,Mitsubishi Electric,Japan,Industrial engineering,"19,099.0","43,853.3","1,498.0","37,235.5","114,443",8.9,12.7,1.6,31/03/2011
464,363,Transocean,Switzerland,Oil equipment & services,"19,094.0","9,142.0","-5,725.0","35,088.0","18,700",54.5,,4.3,31/12/2011
465,,Firstenergy,US,Electricity,"19,066.5","16,258.0",885,"47,326.0","17,257",45.6,20.6,4.8,31/12/2011
466,447,Yahoo Japan,Japan,Software & computer services,"18,933.6","3,517.9","1,108.9","5,594.9","4,748",325.4,17,1.2,31/03/2011
467,,Continental,Germany,Automobiles & parts,"18,848.7","39,514.2","1,609.1","33,006.2","163,788",94.2,11.7,2.1,31/12/2011
468,,Essilor International,France,Health care equipment & services,"18,834.5","5,426.9",655,"7,845.2","48,700",89,28.1,1.2,31/12/2011
469,,Equity Residential Trust Properties,US,Real estate investment trusts,"18,801.1",N/R,893.6,"16,659.3","3,800",62.6,,2.5,31/12/2011
470,480,PTT Exploration & Production,Thailand,Oil & gas producers,"18,779.2","5,374.4","1,417.6","13,675.0",,5.7,13.2,3,31/12/2011
471,422,Nippon Steel,Japan,Industrial metals & mining,"18,776.1","49,440.6","1,121.2","59,591.8","59,183",2.8,15.3,1.4,31/03/2011
472,335,Anglo American Platinum,South Africa,Mining,"18,764.6","6,318.6",443.9,"10,788.7","58,541",69.6,40.9,1.3,31/12/2011
473,448,Toshiba,Japan,General industrials,"18,743.4","76,974.0","1,658.3","60,423.4","202,638",4.4,11.3,1.4,31/03/2011
474,455,Fortescue Metals,Australia,Industrial metals & mining,"18,741.6","5,828.9","1,095.2","8,625.9","3,013",6,17.2,1.2,30/06/2011
475,,Man,Germany,Industrial engineering,"18,740.9","21,336.8",308.3,"22,787.6","48,986",132.9,63.3,2.2,31/12/2011
476,,Chubb,US,Nonlife insurance,"18,688.2",N/R,"1,678.0","50,865.0","10,100",69.1,12,2.3,31/12/2011
477,,American Electric Power,US,Electricity,"18,668.7","15,050.0","1,946.0","52,223.0","18,710",38.6,11.9,4.8,31/12/2011
478,451,Li & Fung,Hong Kong,Personal goods,"18,666.6","20,064.5",682.4,"10,896.3",,2.3,,3.1,31/12/2011
479,,Telus,Canada,Fixed line telecommunications,"18,662.0","10,122.5","1,195.1","19,540.2","41,100",57.9,15.7,3.7,31/12/2011
480,467,CIMB Group Holdings,Malaysia,Banks,"18,657.8",N/R,"1,271.6","94,686.2","40,244",2.5,14.8,2.8,31/12/2011
481,,Bank Rakyat Indonesia,Indonesia,Banks,"18,562.6",N/R,"1,659.1","51,399.4","40,044",0.8,10.9,1.3,31/12/2011
482,,Cielo,Brazil,Financial services,"18,520.1",N/R,971.7,"2,541.8",,33.9,,,31/12/2011
483,423,Yahoo,US,Software & computer services,"18,473.3","4,984.2","1,048.8","14,740.4","14,100",15.2,18.6,,31/12/2011
484,397,British Sky Broadcasting,UK,Media,"18,460.8","10,589.1","1,300.2","8,483.2","16,006",10.8,15.4,3.4,30/06/2011
485,274,Baker Hughes,US,Oil equipment & services,"18,352.1","19,831.0","1,739.0","24,847.0","57,700",41.9,10.6,1.4,31/12/2011
486,473,Unibail-Rodamco,France,Real estate investment trusts,"18,332.0",N/R,"1,720.0","34,193.5","1,464",199.7,10.6,5.2,31/12/2011
487,,Fresnillo,UK,Mining,"18,310.6","1,951.9",802.7,"2,819.0","2,739",25.5,22.8,3.7,31/12/2011
488,435,Shinhan Financial,South Korea,Banks,"18,310.1",N/R,"2,675.3","248,620.2",158,38.6,7.5,1.7,31/12/2011
489,385,China Everbright Bank,China,Banks,"18,297.7",N/R,"2,870.6","275,099.0","28,267",0.5,,,31/12/2011
490,,PG&E,US,Electricity,"18,284.8","14,956.0",858,"48,306.0","19,274",43.4,20.7,4.2,31/12/2011
491,425,Charles Schwab,US,Financial services,"18,269.2",N/R,864,"108,526.0","14,100",14.4,20.5,1.7,31/12/2011
492,,Williams Cos.,US,Oil equipment & services,"18,245.1","7,950.0",376,"16,502.0","4,293",30.8,48.9,2.5,31/12/2011
493,,Sumitomo,Japan,Support services,"18,175.1","37,295.2","2,408.7","86,163.9","64,886",14.5,7.5,3,31/03/2011
494,,Shire,UK,Pharmaceuticals & biotechnology,"18,155.5","4,114.3",834.7,"6,329.5","5,251",32.3,21.2,0.5,31/12/2011
495,392,Hong Kong Exchanges & Clearing,Hong Kong,Financial services,"18,151.4",N/R,655.7,"6,956.0",997,16.8,27.6,3.3,31/12/2011
496,438,Antofagasta,UK,Mining,"18,145.8","5,863.5","1,193.7","11,622.0",,18.4,,1,31/12/2011
497,415,Sandvik,Sweden,Industrial engineering,"18,053.9","13,639.4",797.1,"13,869.1","50,030",14.4,21.2,3.3,31/12/2011
498,436,Formosa Plastics,Taiwan,Chemicals,"18,021.9","7,166.6","1,179.6","11,516.7","5,925",2.9,15.5,4.4,31/12/2011
499,,Ecolab,US,Chemicals,"18,010.4","6,828.4",462.5,"18,122.8","40,200",61.7,32.3,1.2,31/12/2011
500,476,Swedbank,Sweden,Banks,"17,942.1",N/R,"1,702.5","269,092.3","18,716",15.5,11.1,5,31/12/2011
